Location,Indicator,Units,Scale,Measurement,2024,2025,2026,2027,2028,2029,2030,2031,2032,2033,2034,Source,Seasonally adjusted,Base year price,Base year index,Historical end,Date of last update,Source details,Additional source details,Contact email,Location code,Indicator code
Austria,Work Done - Non-Residential Building - Commercial,US$,Millions: 2023 prices,Level values,8102.06,7570.51,8028.29,8368.90,8745.48,9034.61,9259.86,9450.29,9620.72,9769.64,9927.15,,False,2023,,2024,08-October-2026,Euroconstruct / Eurostat / Oxford Economics,NA,nfearnley@oxfordeconomics.com,AUT,NRB_CM
Austria,Work Done - Residential - Total,US$,Millions: 2023 prices,Level values,22828.70,22112.73,22548.51,23240.97,24026.93,24722.02,25303.59,25790.13,26192.13,26555.58,26940.53,,False,2023,,2024,08-October-2026,Euroconstruct / Eurostat / Oxford Economics,NA,nfearnley@oxfordeconomics.com,AUT,RES_TT
Austria,Work Done - Residential - Multi Family,US$,Millions: 2023 prices,Level values,14865.48,14388.14,14630.94,14898.27,15243.37,15606.29,15956.16,16278.13,16561.24,16827.52,17111.28,,False,2023,,2024,08-October-2026,Euroconstruct / Eurostat / Oxford Economics,NA,nfearnley@oxfordeconomics.com,AUT,RES_MF
Belgium,Work Done - Non-Residential Building - Commercial,US$,Millions: 2023 prices,Level values,8602.32,8928.01,9354.20,9718.64,9841.42,10057.65,10277.27,10545.15,10846.02,11215.49,11458.98,,False,2023,,2024,08-October-2026,Euroconstruct / Eurostat / Oxford Economics,NA,nfearnley@oxfordeconomics.com,BEL,NRB_CM
Belgium,Work Done - Residential - Total,US$,Millions: 2023 prices,Level values,21749.92,21337.99,20949.36,21246.90,22034.04,22771.64,23578.94,24249.29,24967.49,25608.45,26188.23,,False,2023,,2024,08-October-2026,Euroconstruct / Eurostat / Oxford Economics,NA,nfearnley@oxfordeconomics.com,BEL,RES_TT
Belgium,Work Done - Residential - Multi Family,US$,Millions: 2023 prices,Level values,10766.84,10734.68,10664.85,10885.37,11359.51,11828.95,12314.80,12734.68,13229.21,13712.34,14156.13,,False,2023,,2024,08-October-2026,Euroconstruct / Eurostat / Oxford Economics,NA,nfearnley@oxfordeconomics.com,BEL,RES_MF
Bulgaria,Work Done - Non-Residential Building - Commercial,US$,Millions: 2023 prices,Level values,1985.52,2373.80,2430.38,2440.69,2565.28,2706.25,2847.05,2983.37,3098.52,3188.65,3316.41,,False,2023,,2024,08-October-2026,Eurostat / Oxford Economics,NA,nfearnley@oxfordeconomics.com,BGR,NRB_CM
Bulgaria,Work Done - Residential - Total,US$,Millions: 2023 prices,Level values,9859.56,10415.08,9812.26,9642.05,9408.52,9206.58,8987.81,8878.48,8817.48,8736.83,8704.12,,False,2023,,2024,08-October-2026,Eurostat / Oxford Economics,NA,nfearnley@oxfordeconomics.com,BGR,RES_TT
Bosnia and Herzegovina,Work Done - Non-Residential Building - Commercial,US$,Millions: 2023 prices,Level values,395.22,401.69,402.88,408.64,414.77,420.02,425.03,430.68,436.02,440.87,446.07,,False,2023,,2024,08-October-2026,Eurostat / Oxford Economics,NA,nfearnley@oxfordeconomics.com,BIH,NRB_CM
Bosnia and Herzegovina,Work Done - Residential - Total,US$,Millions: 2023 prices,Level values,2281.74,2282.15,2312.21,2343.99,2374.47,2405.46,2437.08,2469.10,2501.55,2534.41,2567.72,,False,2023,,2024,08-October-2026,Eurostat / Oxford Economics,NA,nfearnley@oxfordeconomics.com,BIH,RES_TT
Switzerland,Work Done - Non-Residential Building - Commercial,US$,Millions: 2023 prices,Level values,6345.52,6352.36,6403.14,6579.23,6756.37,6943.09,7084.53,7214.77,7340.15,7460.78,7580.36,,False,2023,,2024,08-October-2026,Euroconstruct / Eurostat / Oxford Economics,NA,nfearnley@oxfordeconomics.com,CHE,NRB_CM
Switzerland,Work Done - Residential - Total,US$,Millions: 2023 prices,Level values,33294.14,34040.07,34688.48,35862.84,37493.44,38018.73,38546.54,39596.41,40454.85,41286.07,42066.21,,False,2023,,2024,08-October-2026,Euroconstruct / Eurostat / Oxford Economics,NA,nfearnley@oxfordeconomics.com,CHE,RES_TT
Switzerland,Work Done - Residential - Multi Family,US$,Millions: 2023 prices,Level values,26481.49,27249.86,27951.55,28984.19,30354.18,30977.68,31480.28,32361.38,33147.03,33915.57,34661.06,,False,2023,,2024,08-October-2026,Euroconstruct / Eurostat / Oxford Economics,NA,nfearnley@oxfordeconomics.com,CHE,RES_MF
Cyprus,Work Done - Residential - Total,US$,Millions: 2023 prices,Level values,2846.15,2946.32,3045.58,3078.85,3109.46,3140.19,3171.04,3202.02,3233.11,3264.31,3295.63,,False,2023,,2024,08-October-2026,Eurostat / Oxford Economics,NA,nfearnley@oxfordeconomics.com,CYP,RES_TT
Cyprus,Work Done - Residential - Multi Family,US$,Millions: 2023 prices,Level values,721.83,730.55,741.55,748.82,756.10,763.89,772.17,780.98,790.40,800.57,811.37,,False,2023,,2024,08-October-2026,Eurostat / Oxford Economics,NA,nfearnley@oxfordeconomics.com,CYP,RES_MF
Czech Republic,Work Done - Non-Residential Building - Commercial,US$,Millions: 2023 prices,Level values,3189.57,3090.20,3242.51,3415.89,3612.35,3857.38,4056.03,4140.13,4209.81,4316.56,4411.75,,False,2023,,2024,08-October-2026,Euroconstruct / Eurostat / Oxford Economics,NA,nfearnley@oxfordeconomics.com,CZE,NRB_CM
Czech Republic,Work Done - Residential - Total,US$,Millions: 2023 prices,Level values,10464.20,10510.31,10656.98,11011.46,11304.67,11597.88,11891.08,12184.29,12477.50,12707.65,12898.78,,False,2023,,2024,08-October-2026,Euroconstruct / Eurostat / Oxford Economics,NA,nfearnley@oxfordeconomics.com,CZE,RES_TT
Czech Republic,Work Done - Residential - Multi Family,US$,Millions: 2023 prices,Level values,4421.89,4673.79,4918.60,5167.50,5342.79,5537.91,5673.55,5789.29,5905.36,6025.83,6145.71,,False,2023,,2024,08-October-2026,Euroconstruct / Eurostat / Oxford Economics,NA,nfearnley@oxfordeconomics.com,CZE,RES_MF
Germany,Work Done - Non-Residential Building - Commercial,US$,Millions: 2023 prices,Level values,22959.41,22419.70,22916.70,23884.90,24744.23,25491.67,26520.00,27263.49,27664.23,28060.84,28289.89,,False,2023,,2024,08-October-2026,Euroconstruct / Eurostat / Oxford Economics,NA,nfearnley@oxfordeconomics.com,DEU,NRB_CM
Germany,Work Done - Residential - Total,US$,Millions: 2023 prices,Level values,190067.20,182001.50,183526.30,187313.70,195224.70,203697.80,212110.60,215979.40,218118.50,220210.10,222360.40,,False,2023,,2024,08-October-2026,Euroconstruct / Eurostat / Oxford Economics,NA,nfearnley@oxfordeconomics.com,DEU,RES_TT
Germany,Work Done - Residential - Multi Family,US$,Millions: 2023 prices,Level values,89258.51,85995.15,88063.52,90734.09,95146.65,99791.89,103956.30,105993.80,107169.70,108010.60,108933.00,,False,2023,,2024,08-October-2026,Euroconstruct / Eurostat / Oxford Economics,NA,nfearnley@oxfordeconomics.com,DEU,RES_MF
Denmark,Work Done - Non-Residential Building - Commercial,US$,Millions: 2023 prices,Level values,5614.43,5517.91,5278.57,5252.41,5624.94,5744.01,5824.13,5891.54,5979.02,6085.50,6182.11,,False,2023,,2024,08-October-2026,Euroconstruct / Eurostat / Oxford Economics,NA,nfearnley@oxfordeconomics.com,DNK,NRB_CM
Denmark,Work Done - Residential - Total,US$,Millions: 2023 prices,Level values,14858.89,14569.75,13842.50,14193.25,14516.94,14827.35,15043.33,15171.65,15262.54,15442.63,15639.84,,False,2023,,2024,08-October-2026,Euroconstruct / Eurostat / Oxford Economics,NA,nfearnley@oxfordeconomics.com,DNK,RES_TT
Denmark,Work Done - Residential - Multi Family,US$,Millions: 2023 prices,Level values,2548.39,2524.56,2435.92,2435.91,2500.49,2588.04,2655.17,2691.63,2717.81,2769.64,2824.70,,False,2023,,2024,08-October-2026,Euroconstruct / Eurostat / Oxford Economics,NA,nfearnley@oxfordeconomics.com,DNK,RES_MF
Spain,Work Done - Non-Residential Building - Commercial,US$,Millions: 2023 prices,Level values,15706.07,17065.48,17917.56,19074.77,19791.37,20539.33,21225.81,21696.52,22320.69,23088.63,23701.84,,False,2023,,2024,08-October-2026,Euroconstruct / Eurostat / Oxford Economics,NA,nfearnley@oxfordeconomics.com,ESP,NRB_CM
Spain,Work Done - Residential - Total,US$,Millions: 2023 prices,Level values,80940.94,87854.44,93049.41,96495.18,100419.40,104186.50,107534.40,109602.60,111653.90,114070.80,116890.80,,False,2023,,2024,08-October-2026,Euroconstruct / Eurostat / Oxford Economics,NA,nfearnley@oxfordeconomics.com,ESP,RES_TT
Spain,Work Done - Residential - Multi Family,US$,Millions: 2023 prices,Level values,62406.76,68327.52,73177.38,76093.66,79415.24,82670.30,85568.74,87311.15,89045.77,91083.85,93528.82,,False,2023,,2024,08-October-2026,Euroconstruct / Eurostat / Oxford Economics,NA,nfearnley@oxfordeconomics.com,ESP,RES_MF
Estonia,Work Done - Residential - Total,US$,Millions: 2023 prices,Level values,1590.82,1477.86,1542.17,1602.57,1633.15,1668.78,1706.27,1745.67,1788.46,1832.96,1881.34,,False,2023,,2024,08-October-2026,Eurostat / Oxford Economics,NA,nfearnley@oxfordeconomics.com,EST,RES_TT
Estonia,Work Done - Residential - Multi Family,US$,Millions: 2023 prices,Level values,983.07,933.79,990.07,1038.01,1061.47,1086.06,1111.37,1137.59,1166.01,1195.57,1227.71,,False,2023,,2024,08-October-2026,Eurostat / Oxford Economics,NA,nfearnley@oxfordeconomics.com,EST,RES_MF
Finland,Work Done - Non-Residential Building - Commercial,US$,Millions: 2023 prices,Level values,960.65,928.06,979.78,999.95,1004.17,1005.64,1010.23,1017.40,1024.65,1030.83,1036.32,,False,2023,,2024,08-October-2026,Euroconstruct / Eurostat / Oxford Economics,NA,nfearnley@oxfordeconomics.com,FIN,NRB_CM
Finland,Work Done - Residential - Total,US$,Millions: 2023 prices,Level values,5609.36,5459.43,5317.42,5597.06,5902.31,6106.22,6279.31,6467.60,6646.28,6795.25,6893.83,,False,2023,,2024,08-October-2026,Euroconstruct / Eurostat / Oxford Economics,NA,nfearnley@oxfordeconomics.com,FIN,RES_TT
Finland,Work Done - Residential - Multi Family,US$,Millions: 2023 prices,Level values,3861.15,3766.95,3675.20,3861.86,4067.20,4209.65,4332.64,4459.47,4579.45,4682.66,4757.16,,False,2023,,2024,08-October-2026,Euroconstruct / Eurostat / Oxford Economics,NA,nfearnley@oxfordeconomics.com,FIN,RES_MF
France,Work Done - Non-Residential Building - Commercial,US$,Millions: 2023 prices,Level values,35029.08,33693.13,34081.88,34420.54,35059.23,35447.04,35957.84,36274.11,36630.63,37210.07,37516.79,,False,2023,,2024,08-October-2026,Euroconstruct / Eurostat / Oxford Economics,NA,nfearnley@oxfordeconomics.com,FRA,NRB_CM
France,Work Done - Residential - Total,US$,Millions: 2023 prices,Level values,107136.10,106761.00,107535.20,108173.50,108756.10,110871.10,113271.80,115947.10,118018.50,119272.80,120676.40,,False,2023,,2024,08-October-2026,Euroconstruct / Eurostat / Oxford Economics,NA,nfearnley@oxfordeconomics.com,FRA,RES_TT
France,Work Done - Residential - Multi Family,US$,Millions: 2023 prices,Level values,59554.52,59256.74,59836.59,60071.47,59757.65,60656.44,62145.19,63496.57,64568.94,65281.73,66038.84,,False,2023,,2024,08-October-2026,Euroconstruct / Eurostat / Oxford Economics,NA,nfearnley@oxfordeconomics.com,FRA,RES_MF
Greece,Work Done - Non-Residential Building - Commercial,US$,Millions: 2023 prices,Level values,1366.76,1422.19,1447.36,1478.14,1528.47,1537.99,1536.08,1564.75,1608.59,1648.73,1688.04,,False,2023,,2024,08-October-2026,Eurostat / Oxford Economics,NA,nfearnley@oxfordeconomics.com,GRC,NRB_CM
Greece,Work Done - Residential - Total,US$,Millions: 2023 prices,Level values,3029.70,3212.84,3483.48,3719.34,3978.59,4146.92,4201.75,4220.70,4239.84,4269.01,4302.24,,False,2023,,2024,08-October-2026,Eurostat / Oxford Economics,NA,nfearnley@oxfordeconomics.com,GRC,RES_TT
Greece,Work Done - Residential - Multi Family,US$,Millions: 2023 prices,Level values,1375.26,1453.98,1537.51,1574.97,1616.11,1649.62,1666.96,1682.86,1698.80,1715.78,1733.81,,False,2023,,2024,08-October-2026,Eurostat / Oxford Economics,NA,nfearnley@oxfordeconomics.com,GRC,RES_MF
Croatia,Work Done - Residential - Total,US$,Millions: 2023 prices,Level values,4080.66,4240.93,4304.62,4360.99,4418.66,4477.66,4538.03,4599.78,4662.97,4727.63,4793.78,,False,2023,,2024,08-October-2026,Eurostat / Oxford Economics,NA,nfearnley@oxfordeconomics.com,HRV,RES_TT
Croatia,Work Done - Residential - Multi Family,US$,Millions: 2023 prices,Level values,1634.37,1725.73,1770.27,1812.34,1852.74,1889.19,1923.90,1958.90,1991.29,2022.18,2052.75,,False,2023,,2024,08-October-2026,Eurostat / Oxford Economics,NA,nfearnley@oxfordeconomics.com,HRV,RES_MF
Hungary,Work Done - Non-Residential Building - Commercial,US$,Millions: 2023 prices,Level values,1530.02,1479.14,1594.32,1706.43,1778.76,1843.88,1855.65,1848.46,1856.88,1875.58,1896.95,,False,2023,,2024,08-October-2026,Euroconstruct / Eurostat / Oxford Economics,NA,nfearnley@oxfordeconomics.com,HUN,NRB_CM
Hungary,Work Done - Residential - Total,US$,Millions: 2023 prices,Level values,4507.89,4328.52,4832.53,4675.92,4888.51,5049.50,5179.76,5256.86,5346.01,5461.78,5581.47,,False,2023,,2024,08-October-2026,Euroconstruct / Eurostat / Oxford Economics,NA,nfearnley@oxfordeconomics.com,HUN,RES_TT
Hungary,Work Done - Residential - Multi Family,US$,Millions: 2023 prices,Level values,2434.84,2364.13,2697.41,2653.30,2804.53,2915.70,3003.32,3051.83,3107.40,3180.92,3258.60,,False,2023,,2024,08-October-2026,Euroconstruct / Eurostat / Oxford Economics,NA,nfearnley@oxfordeconomics.com,HUN,RES_MF
Ireland,Work Done - Non-Residential Building - Commercial,US$,Millions: 2023 prices,Level values,3613.37,3682.22,3785.11,3855.43,3914.12,3956.51,4041.04,4097.23,4208.12,4363.55,4474.33,,False,2023,,2024,08-October-2026,Euroconstruct / Eurostat / Oxford Economics,NA,nfearnley@oxfordeconomics.com,IRL,NRB_CM
Ireland,Work Done - Residential - Total,US$,Millions: 2023 prices,Level values,6569.71,6202.62,6683.51,7401.59,8250.83,9020.66,9704.56,10232.33,10527.22,10809.26,11114.43,,False,2023,,2024,08-October-2026,Euroconstruct / Eurostat / Oxford Economics,NA,nfearnley@oxfordeconomics.com,IRL,RES_TT
Ireland,Work Done - Residential - Multi Family,US$,Millions: 2023 prices,Level values,2712.09,2416.48,2527.41,2798.92,3090.54,3376.36,3648.14,3871.80,4013.51,4154.08,4306.53,,False,2023,,2024,08-October-2026,Euroconstruct / Eurostat / Oxford Economics,NA,nfearnley@oxfordeconomics.com,IRL,RES_MF
Iceland,Work Done - Residential - Total,US$,Millions: 2023 prices,Level values,927.69,938.77,953.93,985.93,1019.75,1049.06,1076.90,1097.69,1109.27,1114.40,1118.79,,False,2023,,2024,08-October-2026,Eurostat / Oxford Economics,NA,nfearnley@oxfordeconomics.com,ISL,RES_TT
Italy,Work Done - Non-Residential Building - Commercial,US$,Millions: 2023 prices,Level values,20916.98,21790.29,22419.91,23015.38,23331.43,23858.52,24852.97,25581.51,26021.43,26666.38,27135.97,,False,2023,,2024,08-October-2026,Euroconstruct / Eurostat / Oxford Economics,NA,nfearnley@oxfordeconomics.com,ITA,NRB_CM
Italy,Work Done - Residential - Total,US$,Millions: 2023 prices,Level values,103399.30,99007.02,97763.34,96142.51,95813.13,97231.77,98881.41,98544.88,99023.77,100537.60,102297.80,,False,2023,,2024,08-October-2026,Euroconstruct / Eurostat / Oxford Economics,NA,nfearnley@oxfordeconomics.com,ITA,RES_TT
Italy,Work Done - Residential - Multi Family,US$,Millions: 2023 prices,Level values,74270.19,71616.01,71145.41,70924.26,71723.33,73302.02,74790.61,74776.63,75403.52,76798.55,78352.86,,False,2023,,2024,08-October-2026,Euroconstruct / Eurostat / Oxford Economics,NA,nfearnley@oxfordeconomics.com,ITA,RES_MF
Lithuania,Work Done - Residential - Total,US$,Millions: 2023 prices,Level values,9584.53,9577.48,9848.22,9956.57,10133.13,10345.90,10606.05,10841.54,10984.67,11106.13,11224.20,,False,2023,,2024,08-October-2026,Eurostat / Oxford Economics,NA,nfearnley@oxfordeconomics.com,LTU,RES_TT
Lithuania,Work Done - Residential - Multi Family,US$,Millions: 2023 prices,Level values,4329.60,4363.16,4549.09,4624.69,4699.62,4784.86,4890.90,4973.28,5017.97,5060.22,5107.35,,False,2023,,2024,08-October-2026,Eurostat / Oxford Economics,NA,nfearnley@oxfordeconomics.com,LTU,RES_MF
Luxembourg,Work Done - Residential - Total,US$,Millions: 2023 prices,Level values,2859.56,2875.55,2781.68,2791.91,2812.91,2840.56,2874.17,2915.96,2952.93,2990.49,3028.78,,False,2023,,2024,08-October-2026,Eurostat / Oxford Economics,NA,nfearnley@oxfordeconomics.com,LUX,RES_TT
Luxembourg,Work Done - Residential - Multi Family,US$,Millions: 2023 prices,Level values,1083.52,1110.61,1142.88,1123.91,1136.41,1151.30,1169.50,1191.97,1213.43,1236.08,1259.98,,False,2023,,2024,08-October-2026,Eurostat / Oxford Economics,NA,nfearnley@oxfordeconomics.com,LUX,RES_MF
Latvia,Work Done - Residential - Total,US$,Millions: 2023 prices,Level values,2742.20,2932.61,3141.20,3229.98,3409.86,3553.25,3642.68,3713.19,3769.55,3815.22,3853.86,,False,2023,,2024,08-October-2026,Eurostat / Oxford Economics,NA,nfearnley@oxfordeconomics.com,LVA,RES_TT
Latvia,Work Done - Residential - Multi Family,US$,Millions: 2023 prices,Level values,2143.68,2179.66,2235.37,2274.10,2332.88,2391.98,2445.70,2498.00,2548.63,2591.18,2625.68,,False,2023,,2024,08-October-2026,Eurostat / Oxford Economics,NA,nfearnley@oxfordeconomics.com,LVA,RES_MF
North Macedonia,Work Done - Residential - Total,US$,Millions: 2023 prices,Level values,564.79,621.35,681.70,745.72,777.77,797.41,795.36,781.52,765.93,748.59,736.10,,False,2023,,2024,08-October-2026,Eurostat / Oxford Economics,NA,nfearnley@oxfordeconomics.com,MKD,RES_TT
North Macedonia,Work Done - Residential - Multi Family,US$,Millions: 2023 prices,Level values,285.56,319.23,346.85,360.07,364.07,369.31,373.16,375.76,378.35,380.82,384.12,,False,2023,,2024,08-October-2026,Eurostat / Oxford Economics,NA,nfearnley@oxfordeconomics.com,MKD,RES_MF
Malta,Work Done - Residential - Total,US$,Millions: 2023 prices,Level values,769.28,793.50,816.10,865.43,898.90,920.17,937.72,954.80,971.37,987.33,1002.66,,False,2023,,2024,08-October-2026,Eurostat / Oxford Economics,NA,nfearnley@oxfordeconomics.com,MLT,RES_TT
Malta,Work Done - Residential - Multi Family,US$,Millions: 2023 prices,Level values,453.19,468.97,501.85,542.70,569.73,582.68,593.02,601.75,610.39,619.21,628.12,,False,2023,,2024,08-October-2026,Eurostat / Oxford Economics,NA,nfearnley@oxfordeconomics.com,MLT,RES_MF
Netherlands,Work Done - Non-Residential Building - Commercial,US$,Millions: 2023 prices,Level values,8183.15,8213.64,8332.41,8523.19,8742.57,9008.41,9306.07,9552.72,9787.18,10040.24,10192.71,,False,2023,,2024,08-October-2026,Euroconstruct / Eurostat / Oxford Economics,NA,nfearnley@oxfordeconomics.com,NLD,NRB_CM
Netherlands,Work Done - Residential - Total,US$,Millions: 2023 prices,Level values,45172.39,45465.34,46386.78,47105.57,49039.72,50922.63,52502.48,53560.29,54361.25,55072.99,55653.18,,False,2023,,2024,08-October-2026,Euroconstruct / Eurostat / Oxford Economics,NA,nfearnley@oxfordeconomics.com,NLD,RES_TT
Netherlands,Work Done - Residential - Multi Family,US$,Millions: 2023 prices,Level values,16174.35,16336.08,16874.37,17204.14,17826.69,18545.85,19109.87,19515.23,19836.92,20116.45,20364.84,,False,2023,,2024,08-October-2026,Euroconstruct / Eurostat / Oxford Economics,NA,nfearnley@oxfordeconomics.com,NLD,RES_MF
Norway,Work Done - Non-Residential Building - Commercial,US$,Millions: 2023 prices,Level values,6067.71,5976.74,6040.32,6187.06,6354.32,6581.32,6879.53,6983.97,7076.88,7256.01,7338.74,,False,2023,,2024,08-October-2026,Euroconstruct / Eurostat / Oxford Economics,NA,nfearnley@oxfordeconomics.com,NOR,NRB_CM
Norway,Work Done - Residential - Total,US$,Millions: 2023 prices,Level values,10666.80,10118.98,10101.43,9932.42,10179.66,10554.89,10988.14,11185.51,11355.45,11641.74,11965.92,,False,2023,,2024,08-October-2026,Euroconstruct / Eurostat / Oxford Economics,NA,nfearnley@oxfordeconomics.com,NOR,RES_TT
Norway,Work Done - Residential - Multi Family,US$,Millions: 2023 prices,Level values,6154.69,5794.06,6017.03,5825.04,5857.41,6075.42,6348.09,6482.00,6612.90,6799.65,7003.30,,False,2023,,2024,08-October-2026,Euroconstruct / Eurostat / Oxford Economics,NA,nfearnley@oxfordeconomics.com,NOR,RES_MF
Poland,Work Done - Non-Residential Building - Commercial,US$,Millions: 2023 prices,Level values,7386.16,7311.00,7796.86,8026.15,8220.87,8497.02,8709.70,8889.40,9065.27,9244.86,9425.67,,False,2023,,2024,08-October-2026,Euroconstruct / Eurostat / Oxford Economics,NA,nfearnley@oxfordeconomics.com,POL,NRB_CM
Poland,Work Done - Residential - Total,US$,Millions: 2023 prices,Level values,26866.19,26436.50,28023.60,29442.47,30011.49,30454.57,30918.31,31275.63,31803.50,32381.90,32964.54,,False,2023,,2024,08-October-2026,Euroconstruct / Eurostat / Oxford Economics,NA,nfearnley@oxfordeconomics.com,POL,RES_TT
Poland,Work Done - Residential - Multi Family,US$,Millions: 2023 prices,Level values,16160.44,16107.22,17018.47,17906.46,18261.49,18448.23,18745.27,18975.35,19285.93,19634.01,19986.95,,False,2023,,2024,08-October-2026,Euroconstruct / Eurostat / Oxford Economics,NA,nfearnley@oxfordeconomics.com,POL,RES_MF
Portugal,Work Done - Non-Residential Building - Commercial,US$,Millions: 2023 prices,Level values,2196.76,2020.88,2031.73,2033.82,2043.78,2057.22,2105.14,2145.05,2191.95,2243.85,2299.70,,False,2023,,2024,08-October-2026,Euroconstruct / Eurostat / Oxford Economics,NA,nfearnley@oxfordeconomics.com,PRT,NRB_CM
Portugal,Work Done - Residential - Total,US$,Millions: 2023 prices,Level values,9381.25,10384.40,11254.55,11696.53,11892.66,12064.71,12282.63,12511.79,12683.94,12850.78,13037.55,,False,2023,,2024,08-October-2026,Euroconstruct / Eurostat / Oxford Economics,NA,nfearnley@oxfordeconomics.com,PRT,RES_TT
Portugal,Work Done - Residential - Multi Family,US$,Millions: 2023 prices,Level values,5722.24,6412.91,7115.17,7551.92,7780.48,7957.40,8143.30,8332.05,8484.25,8634.97,8800.30,,False,2023,,2024,08-October-2026,Euroconstruct / Eurostat / Oxford Economics,NA,nfearnley@oxfordeconomics.com,PRT,RES_MF
Romania,Work Done - Residential - Total,US$,Millions: 2023 prices,Level values,11588.27,12813.39,13245.77,13276.61,13313.23,13331.49,13304.99,13261.67,13406.17,13601.04,13796.97,,False,2023,,2024,08-October-2026,Eurostat / Oxford Economics,NA,nfearnley@oxfordeconomics.com,ROM,RES_TT
Russia,Work Done - Non-Residential Building - Commercial,US$,Millions: 2023 prices,Level values,5580.90,7772.93,7784.72,7639.14,7769.08,7888.44,8003.20,8096.31,8176.43,8256.55,8336.67,,False,2023,,2024,08-October-2026,Russian Federal State Statistics Service / Oxford Economics,NA,nfearnley@oxfordeconomics.com,RUS,NRB_CM
Russia,Work Done - Residential - Total,US$,Millions: 2023 prices,Level values,68809.21,72109.36,73607.23,74792.13,75595.51,76406.28,77223.84,78041.38,78858.89,79676.49,80494.07,,False,2023,,2024,08-October-2026,Russian Federal State Statistics Service / Oxford Economics,NA,nfearnley@oxfordeconomics.com,RUS,RES_TT
Russia,Work Done - Residential - Multi Family,US$,Millions: 2023 prices,Level values,29046.80,29709.06,30042.43,30587.42,30974.21,31318.92,31671.26,32047.73,32439.86,32838.41,33234.30,,False,2023,,2024,08-October-2026,Russian Federal State Statistics Service / Oxford Economics,NA,nfearnley@oxfordeconomics.com,RUS,RES_MF
Slovak Republic,Work Done - Non-Residential Building - Commercial,US$,Millions: 2023 prices,Level values,1710.38,1794.00,1804.50,1972.11,2031.91,2137.59,2236.77,2264.10,2290.02,2320.44,2356.00,,False,2023,,2024,08-October-2026,Euroconstruct / Eurostat / Oxford Economics,NA,nfearnley@oxfordeconomics.com,SVK,NRB_CM
Slovak Republic,Work Done - Residential - Total,US$,Millions: 2023 prices,Level values,5661.27,5506.77,4173.69,3971.29,4316.60,4235.82,4469.99,4700.93,4870.87,4971.53,5013.87,,False,2023,,2024,08-October-2026,Euroconstruct / Eurostat / Oxford Economics,NA,nfearnley@oxfordeconomics.com,SVK,RES_TT
Slovak Republic,Work Done - Residential - Multi Family,US$,Millions: 2023 prices,Level values,1473.41,1417.14,1075.62,1041.79,1143.79,1129.95,1198.18,1264.67,1313.97,1344.50,1359.46,,False,2023,,2024,08-October-2026,Euroconstruct / Eurostat / Oxford Economics,NA,nfearnley@oxfordeconomics.com,SVK,RES_MF
Slovenia,Work Done - Residential - Total,US$,Millions: 2023 prices,Level values,1776.90,1757.56,1818.27,1850.33,1879.87,1903.21,1937.40,1970.09,2003.48,2037.49,2072.08,,False,2023,,2024,08-October-2026,Eurostat / Oxford Economics,NA,nfearnley@oxfordeconomics.com,SVN,RES_TT
Slovenia,Work Done - Residential - Multi Family,US$,Millions: 2023 prices,Level values,672.77,657.73,683.30,698.69,715.34,728.41,745.39,760.38,774.06,787.84,801.54,,False,2023,,2024,08-October-2026,Eurostat / Oxford Economics,NA,nfearnley@oxfordeconomics.com,SVN,RES_MF
Sweden,Work Done - Non-Residential Building - Commercial,US$,Millions: 2023 prices,Level values,4673.89,4236.83,4136.72,4192.91,4305.92,4456.92,4632.98,4684.57,4733.48,4835.97,4885.74,,False,2023,,2024,08-October-2026,Euroconstruct / Eurostat / Oxford Economics,NA,nfearnley@oxfordeconomics.com,SWE,NRB_CM
Sweden,Work Done - Residential - Total,US$,Millions: 2023 prices,Level values,21612.63,21060.15,21221.43,21809.69,22291.65,22715.42,23364.10,23826.34,24260.56,24704.03,25105.06,,False,2023,,2024,08-October-2026,Euroconstruct / Eurostat / Oxford Economics,NA,nfearnley@oxfordeconomics.com,SWE,RES_TT
Sweden,Work Done - Residential - Multi Family,US$,Millions: 2023 prices,Level values,12978.18,12696.28,12685.81,12913.57,13191.69,13459.45,13842.23,14135.91,14395.95,14667.04,14917.43,,False,2023,,2024,08-October-2026,Euroconstruct / Eurostat / Oxford Economics,NA,nfearnley@oxfordeconomics.com,SWE,RES_MF
Turkey,Work Done - Non-Residential Building - Commercial,US$,Millions: 2023 prices,Level values,2245.04,2233.83,2324.62,2399.72,2466.17,2538.56,2619.05,2684.24,2758.69,2830.04,2899.45,,False,2023,,2024,08-October-2026,Eurostat / Oxford Economics,NA,nfearnley@oxfordeconomics.com,TUR,NRB_CM
Turkey,Work Done - Residential - Total,US$,Millions: 2023 prices,Level values,33822.80,33979.09,34543.98,35350.31,36446.85,37595.44,38802.07,40071.41,41340.71,42610.03,43879.38,,False,2023,,2024,08-October-2026,Eurostat / Oxford Economics,NA,nfearnley@oxfordeconomics.com,TUR,RES_TT
Turkey,Work Done - Residential - Multi Family,US$,Millions: 2023 prices,Level values,11061.70,11191.31,11496.57,11860.10,12226.04,12620.28,13035.44,13493.68,13953.22,14413.18,14872.82,,False,2023,,2024,08-October-2026,Eurostat / Oxford Economics,NA,nfearnley@oxfordeconomics.com,TUR,RES_MF
Ukraine,Work Done - Non-Residential Building - Commercial,US$,Millions: 2023 prices,Level values,435.23,451.92,478.68,515.75,537.13,558.51,579.89,601.27,622.66,644.04,665.42,,False,2023,,2024,08-October-2026,State Statistics Service of Ukraine / Oxford Economics,NA,nfearnley@oxfordeconomics.com,UKR,NRB_CM
Ukraine,Work Done - Residential - Total,US$,Millions: 2023 prices,Level values,682.82,829.18,974.87,1228.90,1479.89,1731.58,1991.66,2253.84,2516.02,2778.20,3040.38,,False,2023,,2024,08-October-2026,State Statistics Service of Ukraine / Oxford Economics,NA,nfearnley@oxfordeconomics.com,UKR,RES_TT
Ukraine,Work Done - Residential - Multi Family,US$,Millions: 2023 prices,Level values,488.25,593.62,697.74,879.26,1029.47,1164.45,1327.73,1526.27,1724.80,1923.34,2121.19,,False,2023,,2024,08-October-2026,State Statistics Service of Ukraine / Oxford Economics,NA,nfearnley@oxfordeconomics.com,UKR,RES_MF
United Kingdom,Work Done - Non-Residential Building - Commercial,US$,Millions: 2023 prices,Level values,43128.41,38987.46,37654.73,38088.28,39843.00,42156.43,44140.87,45548.36,46744.58,47878.78,49009.75,,False,2023,,2024,08-October-2026,Euroconstruct / Eurostat / Oxford Economics,NA,nfearnley@oxfordeconomics.com,GBR,NRB_CM
United Kingdom,Work Done - Residential - Total,US$,Millions: 2023 prices,Level values,119495.80,120733.20,122577.20,127217.40,134054.00,140458.50,146491.60,150795.30,153181.50,154892.20,156919.50,,False,2023,,2024,08-October-2026,Euroconstruct / Eurostat / Oxford Economics,NA,nfearnley@oxfordeconomics.com,GBR,RES_TT
United Kingdom,Work Done - Residential - Multi Family,US$,Millions: 2023 prices,Level values,29269.27,29680.24,30645.30,32284.96,33868.75,35386.47,36660.07,37687.74,38633.56,39378.30,40072.83,,False,2023,,2024,08-October-2026,Euroconstruct / Eurostat / Oxford Economics,NA,nfearnley@oxfordeconomics.com,GBR,RES_MF
